toptxt_value,link,link/_text,link/_title,image_1,image_1/_alt,bottxt_link,bottxt_link/_text,bottxt_link/_title,highslide_value,highslide_link,highslide_link/_text,highslide_link/_title,highslide_flag,image_2,image_2/_alt
"Albania","http://www.missuniverse.com/members/profile/662793/year:2015","","","http://content.missuniverse.com/media/photos/galleries/sbs.photographer_uploaded_1_1_0_1449785569_2015.jpg","","http://content.missuniverse.com/media/photos/galleries/photographer_uploaded_1_1_0_1449785569_2015.jpg","Megi Luka","","Megi Luka","http://www.missuniverse.com/members/profile/662793/year:2015","Click to View Profile","","Click to View Profile","http://www.missuniverse.com/img/rightArrow.png",""
"Angola","http://www.missuniverse.com/members/profile/662794/year:2015","","","http://content.missuniverse.com/media/photos/galleries/sbs.photographer_uploaded_1_2_0_1449785628_2015.jpg","","http://content.missuniverse.com/media/photos/galleries/photographer_uploaded_1_2_0_1449785628_2015.jpg","Whitney Shikongo","","Whitney Shikongo","http://www.missuniverse.com/members/profile/662794/year:2015","Click to View Profile","","Click to View Profile","http://www.missuniverse.com/img/rightArrow.png",""
"Argentina","http://www.missuniverse.com/members/profile/662795/year:2015","","","http://content.missuniverse.com/media/photos/galleries/sbs.photographer_uploaded_1_4_0_1449785544_2015.jpg","","http://content.missuniverse.com/media/photos/galleries/photographer_uploaded_1_4_0_1449785544_2015.jpg","Claudia Barrionuevo","","Claudia Barrionuevo","http://www.missuniverse.com/members/profile/662795/year:2015","Click to View Profile","","Click to View Profile","http://www.missuniverse.com/img/rightArrow.png",""
"Aruba","http://www.missuniverse.com/members/profile/662796/year:2015","","","http://content.missuniverse.com/media/photos/galleries/sbs.photographer_uploaded_1_5_0_1449785600_2015.jpg","","http://content.missuniverse.com/media/photos/galleries/photographer_uploaded_1_5_0_1449785600_2015.jpg","Alysha Boekhoudt","","Alysha Boekhoudt","http://www.missuniverse.com/members/profile/662796/year:2015","Click to View Profile","","Click to View Profile","http://www.missuniverse.com/img/rightArrow.png",""
"Australia","http://www.missuniverse.com/members/profile/662797/year:2015","","","http://content.missuniverse.com/media/photos/galleries/sbs.photographer_uploaded_1_6_0_1449785549_2015.jpg","","http://content.missuniverse.com/media/photos/galleries/photographer_uploaded_1_6_0_1449785549_2015.jpg","Monika Radulovic","","Monika Radulovic","http://www.missuniverse.com/members/profile/662797/year:2015","Click to View Profile","","Click to View Profile","http://www.missuniverse.com/img/rightArrow.png",""
"Austria","http://www.missuniverse.com/members/profile/662798/year:2015","","","http://content.missuniverse.com/media/photos/galleries/sbs.photographer_uploaded_1_210_0_1449785624_2015.jpg","","http://content.missuniverse.com/media/photos/galleries/photographer_uploaded_1_210_0_1449785624_2015.jpg","Amina Dagi","","Amina Dagi","http://www.missuniverse.com/members/profile/662798/year:2015","Click to View Profile","","Click to View Profile","http://www.missuniverse.com/img/rightArrow.png",""
"Bahamas","http://www.missuniverse.com/members/profile/662800/year:2015","","","http://content.missuniverse.com/media/photos/galleries/sbs.photographer_uploaded_1_7_0_1449785627_2015.jpg","","http://content.missuniverse.com/media/photos/galleries/photographer_uploaded_1_7_0_1449785627_2015.jpg","Toria Nichole","","Toria Nichole","http://www.missuniverse.com/members/profile/662800/year:2015","Click to View Profile","","Click to View Profile","http://www.missuniverse.com/img/rightArrow.png",""
"Belgium","http://www.missuniverse.com/members/profile/662801/year:2015","","","http://content.missuniverse.com/media/photos/galleries/sbs.photographer_uploaded_1_8_0_1449785581_2015.jpg","","http://content.missuniverse.com/media/photos/galleries/photographer_uploaded_1_8_0_1449785581_2015.jpg","Annelies Törös","","Annelies Törös","http://www.missuniverse.com/members/profile/662801/year:2015","Click to View Profile","","Click to View Profile","http://www.missuniverse.com/img/rightArrow.png",""
"Bolivia","http://www.missuniverse.com/members/profile/662802/year:2015","","","http://content.missuniverse.com/media/photos/galleries/sbs.photographer_uploaded_1_9_0_1449785545_2015.jpg","","http://content.missuniverse.com/media/photos/galleries/photographer_uploaded_1_9_0_1449785545_2015.jpg","Romina Rocamonje","","Romina Rocamonje","http://www.missuniverse.com/members/profile/662802/year:2015","Click to View Profile","","Click to View Profile","http://www.missuniverse.com/img/rightArrow.png",""
"Brazil","http://www.missuniverse.com/members/profile/662803/year:2015","","","http://content.missuniverse.com/media/photos/galleries/sbs.photographer_uploaded_1_10_0_1449785621_2015.jpg","","http://content.missuniverse.com/media/photos/galleries/photographer_uploaded_1_10_0_1449785621_2015.jpg","Marthina Brandt","","Marthina Brandt","http://www.missuniverse.com/members/profile/662803/year:2015","Click to View Profile","","Click to View Profile","http://www.missuniverse.com/img/rightArrow.png",""
"British Virgin Islands","http://www.missuniverse.com/members/profile/662876/year:2015","","","http://content.missuniverse.com/media/photos/galleries/sbs.photographer_uploaded_1_11_0_1449785526_2015.jpg","","http://content.missuniverse.com/media/photos/galleries/photographer_uploaded_1_11_0_1449785526_2015.jpg","Adorya Baly","","Adorya Baly","http://www.missuniverse.com/members/profile/662876/year:2015","Click to View Profile","","Click to View Profile","http://www.missuniverse.com/img/rightArrow.png",""
"Bulgaria","http://www.missuniverse.com/members/profile/662804/year:2015","","","http://content.missuniverse.com/media/photos/galleries/sbs.photographer_uploaded_1_12_0_1449785607_2015.jpg","","http://content.missuniverse.com/media/photos/galleries/photographer_uploaded_1_12_0_1449785607_2015.jpg","Radostina Todorova","","Radostina Todorova","http://www.missuniverse.com/members/profile/662804/year:2015","Click to View Profile","","Click to View Profile","http://www.missuniverse.com/img/rightArrow.png",""
"Canada","http://www.missuniverse.com/members/profile/662805/year:2015","","","http://content.missuniverse.com/media/photos/galleries/sbs.photographer_uploaded_1_13_0_1449785595_2015.jpg","","http://content.missuniverse.com/media/photos/galleries/photographer_uploaded_1_13_0_1449785595_2015.jpg","Paola Nunez","","Paola Nunez","http://www.missuniverse.com/members/profile/662805/year:2015","Click to View Profile","","Click to View Profile","http://www.missuniverse.com/img/rightArrow.png",""
"Cayman Islands","http://www.missuniverse.com/members/profile/662806/year:2015","","","http://content.missuniverse.com/media/photos/galleries/sbs.photographer_uploaded_1_14_0_1449785605_2015.jpg","","http://content.missuniverse.com/media/photos/galleries/photographer_uploaded_1_14_0_1449785605_2015.jpg","Tonie Chisholm","","Tonie Chisholm","http://www.missuniverse.com/members/profile/662806/year:2015","Click to View Profile","","Click to View Profile","http://www.missuniverse.com/img/rightArrow.png",""
"Chile","http://www.missuniverse.com/members/profile/662807/year:2015","","","http://content.missuniverse.com/media/photos/galleries/sbs.photographer_uploaded_1_200_0_1449785531_2015.jpg","","http://content.missuniverse.com/media/photos/galleries/photographer_uploaded_1_200_0_1449785531_2015.jpg","Maria Belen Jerez","","Maria Belen Jerez","http://www.missuniverse.com/members/profile/662807/year:2015","Click to View Profile","","Click to View Profile","http://www.missuniverse.com/img/rightArrow.png",""
"China","http://www.missuniverse.com/members/profile/662808/year:2015","","","http://content.missuniverse.com/media/photos/galleries/sbs.photographer_uploaded_1_15_0_1449785535_2015.jpg","","http://content.missuniverse.com/media/photos/galleries/photographer_uploaded_1_15_0_1449785535_2015.jpg","Yun Fang Xue","","Yun Fang Xue","http://www.missuniverse.com/members/profile/662808/year:2015","Click to View Profile","","Click to View Profile","http://www.missuniverse.com/img/rightArrow.png",""
"Colombia","http://www.missuniverse.com/members/profile/662809/year:2015","","","http://content.missuniverse.com/media/photos/galleries/sbs.photographer_uploaded_1_16_0_1449785540_2015.jpg","","http://content.missuniverse.com/media/photos/galleries/photographer_uploaded_1_16_0_1449785540_2015.jpg","Ariadna Gutierrez-Arévalo","","Ariadna Gutierrez-Arévalo","http://www.missuniverse.com/members/profile/662809/year:2015","Click to View Profile","","Click to View Profile","http://www.missuniverse.com/img/rightArrow.png",""
"Costa Rica","http://www.missuniverse.com/members/profile/662810/year:2015","","","http://content.missuniverse.com/media/photos/galleries/sbs.photographer_uploaded_1_17_0_1449785550_2015.jpg","","http://content.missuniverse.com/media/photos/galleries/photographer_uploaded_1_17_0_1449785550_2015.jpg","Brenda Castro","","Brenda Castro","http://www.missuniverse.com/members/profile/662810/year:2015","Click to View Profile","","Click to View Profile","http://www.missuniverse.com/img/rightArrow.png",""
"Croatia","http://www.missuniverse.com/members/profile/662811/year:2015","","","http://content.missuniverse.com/media/photos/galleries/sbs.photographer_uploaded_1_18_0_1449785519_2015.jpg","","http://content.missuniverse.com/media/photos/galleries/photographer_uploaded_1_18_0_1449785519_2015.jpg","Mirta Kuštan","","Mirta Kuštan","http://www.missuniverse.com/members/profile/662811/year:2015","Click to View Profile","","Click to View Profile","http://www.missuniverse.com/img/rightArrow.png",""
"Curaçao","http://www.missuniverse.com/members/profile/662812/year:2015","","","http://content.missuniverse.com/media/photos/galleries/sbs.photographer_uploaded_1_0_0_1449785516_2015.jpg","","http://content.missuniverse.com/media/photos/galleries/photographer_uploaded_1_0_0_1449785516_2015.jpg","Kanisha Sluis","","Kanisha Sluis","http://www.missuniverse.com/members/profile/662812/year:2015","Click to View Profile","","Click to View Profile","http://www.missuniverse.com/img/rightArrow.png",""
"Czech Republic","http://www.missuniverse.com/members/profile/662813/year:2015","","","http://content.missuniverse.com/media/photos/galleries/sbs.photographer_uploaded_1_21_0_1449785556_2015.jpg","","http://content.missuniverse.com/media/photos/galleries/photographer_uploaded_1_21_0_1449785556_2015.jpg","Nikol Švantnerová","","Nikol Švantnerová","http://www.missuniverse.com/members/profile/662813/year:2015","Click to View Profile","","Click to View Profile","http://www.missuniverse.com/img/rightArrow.png",""
"Denmark","http://www.missuniverse.com/members/profile/662814/year:2015","","","http://content.missuniverse.com/media/photos/galleries/sbs.photographer_uploaded_1_22_0_1449785555_2015.jpg","","http://content.missuniverse.com/media/photos/galleries/photographer_uploaded_1_22_0_1449785555_2015.jpg","Cecilie Wellemberg","","Cecilie Wellemberg","http://www.missuniverse.com/members/profile/662814/year:2015","Click to View Profile","","Click to View Profile","http://www.missuniverse.com/img/rightArrow.png",""
"Dominican Republic","http://www.missuniverse.com/members/profile/662815/year:2015","","","http://content.missuniverse.com/media/photos/galleries/sbs.photographer_uploaded_1_23_0_1449785530_2015.jpg","","http://content.missuniverse.com/media/photos/galleries/photographer_uploaded_1_23_0_1449785530_2015.jpg","Clarissa Molina","","Clarissa Molina","http://www.missuniverse.com/members/profile/662815/year:2015","Click to View Profile","","Click to View Profile","http://www.missuniverse.com/img/rightArrow.png",""
"Ecuador","http://www.missuniverse.com/members/profile/662816/year:2015","","","http://content.missuniverse.com/media/photos/galleries/sbs.photographer_uploaded_1_24_0_1449785520_2015.jpg","","http://content.missuniverse.com/media/photos/galleries/photographer_uploaded_1_24_0_1449785520_2015.jpg","Francesca Cipriani","","Francesca Cipriani","http://www.missuniverse.com/members/profile/662816/year:2015","Click to View Profile","","Click to View Profile","http://www.missuniverse.com/img/rightArrow.png",""
"El Salvador","http://www.missuniverse.com/members/profile/662818/year:2015","","","http://content.missuniverse.com/media/photos/galleries/sbs.photographer_uploaded_1_26_0_1449785578_2015.jpg","","http://content.missuniverse.com/media/photos/galleries/photographer_uploaded_1_26_0_1449785578_2015.jpg","Fatima Rivas","","Fatima Rivas","http://www.missuniverse.com/members/profile/662818/year:2015","Click to View Profile","","Click to View Profile","http://www.missuniverse.com/img/rightArrow.png",""
"Finland","http://www.missuniverse.com/members/profile/662819/year:2015","","","http://content.missuniverse.com/media/photos/galleries/sbs.photographer_uploaded_1_29_0_1449785567_2015.jpg","","http://content.missuniverse.com/media/photos/galleries/photographer_uploaded_1_29_0_1449785567_2015.jpg","Rosa-Maria Ryyti","","Rosa-Maria Ryyti","http://www.missuniverse.com/members/profile/662819/year:2015","Click to View Profile","","Click to View Profile","http://www.missuniverse.com/img/rightArrow.png",""
"France","http://www.missuniverse.com/members/profile/662820/year:2015","","","http://content.missuniverse.com/media/photos/galleries/sbs.photographer_uploaded_1_30_0_1449785553_2015.jpg","","http://content.missuniverse.com/media/photos/galleries/photographer_uploaded_1_30_0_1449785553_2015.jpg","Flora Coquerel","","Flora Coquerel","http://www.missuniverse.com/members/profile/662820/year:2015","Click to View Profile","","Click to View Profile","http://www.missuniverse.com/img/rightArrow.png",""
"Gabon","http://www.missuniverse.com/members/profile/662821/year:2015","","","http://content.missuniverse.com/media/photos/galleries/sbs.photographer_uploaded_1_202_0_1449785536_2015.jpg","","http://content.missuniverse.com/media/photos/galleries/photographer_uploaded_1_202_0_1449785536_2015.jpg","Ornella Obone","","Ornella Obone","http://www.missuniverse.com/members/profile/662821/year:2015","Click to View Profile","","Click to View Profile","http://www.missuniverse.com/img/rightArrow.png",""
"Georgia","http://www.missuniverse.com/members/profile/662822/year:2015","","","http://content.missuniverse.com/media/photos/galleries/sbs.photographer_uploaded_1_31_0_1449785582_2015.jpg","","http://content.missuniverse.com/media/photos/galleries/photographer_uploaded_1_31_0_1449785582_2015.jpg","Janet Kerdikoshvili","","Janet Kerdikoshvili","http://www.missuniverse.com/members/profile/662822/year:2015","Click to View Profile","","Click to View Profile","http://www.missuniverse.com/img/rightArrow.png",""
"Germany","http://www.missuniverse.com/members/profile/662823/year:2015","","","http://content.missuniverse.com/media/photos/galleries/sbs.photographer_uploaded_1_193_0_1449785613_2015.jpg","","http://content.missuniverse.com/media/photos/galleries/photographer_uploaded_1_193_0_1449785613_2015.jpg","Sarah-Lorraine Riek","","Sarah-Lorraine Riek","http://www.missuniverse.com/members/profile/662823/year:2015","Click to View Profile","","Click to View Profile","http://www.missuniverse.com/img/rightArrow.png",""
"Ghana","http://www.missuniverse.com/members/profile/662824/year:2015","","","http://content.missuniverse.com/media/photos/galleries/sbs.photographer_uploaded_1_32_0_1449785551_2015.jpg","","http://content.missuniverse.com/media/photos/galleries/photographer_uploaded_1_32_0_1449785551_2015.jpg","Hilda Frimpong","","Hilda Frimpong","http://www.missuniverse.com/members/profile/662824/year:2015","Click to View Profile","","Click to View Profile","http://www.missuniverse.com/img/rightArrow.png",""
"Great Britain","http://www.missuniverse.com/members/profile/662825/year:2015","","","http://content.missuniverse.com/media/photos/galleries/sbs.photographer_uploaded_1_33_0_1449785603_2015.jpg","","http://content.missuniverse.com/media/photos/galleries/photographer_uploaded_1_33_0_1449785603_2015.jpg","Nena France","","Nena France","http://www.missuniverse.com/members/profile/662825/year:2015","Click to View Profile","","Click to View Profile","http://www.missuniverse.com/img/rightArrow.png",""
"Greece","http://www.missuniverse.com/members/profile/662826/year:2015","","","http://content.missuniverse.com/media/photos/galleries/sbs.photographer_uploaded_1_34_0_1449785575_2015.jpg","","http://content.missuniverse.com/media/photos/galleries/photographer_uploaded_1_34_0_1449785575_2015.jpg","Mikaela-Eleni Fotiadi","","Mikaela-Eleni Fotiadi","http://www.missuniverse.com/members/profile/662826/year:2015","Click to View Profile","","Click to View Profile","http://www.missuniverse.com/img/rightArrow.png",""
"Guatemala","http://www.missuniverse.com/members/profile/662827/year:2015","","","http://content.missuniverse.com/media/photos/galleries/sbs.photographer_uploaded_1_36_0_1449785529_2015.jpg","","http://content.missuniverse.com/media/photos/galleries/photographer_uploaded_1_36_0_1449785529_2015.jpg","Fabiola Jeimmy Aburto","","Fabiola Jeimmy Aburto","http://www.missuniverse.com/members/profile/662827/year:2015","Click to View Profile","","Click to View Profile","http://www.missuniverse.com/img/rightArrow.png",""
"Guyana","http://www.missuniverse.com/members/profile/662828/year:2015","","","http://content.missuniverse.com/media/photos/galleries/sbs.photographer_uploaded_1_37_0_1449785523_2015.jpg","","http://content.missuniverse.com/media/photos/galleries/photographer_uploaded_1_37_0_1449785523_2015.jpg","Shauna Ramdyhan","","Shauna Ramdyhan","http://www.missuniverse.com/members/profile/662828/year:2015","Click to View Profile","","Click to View Profile","http://www.missuniverse.com/img/rightArrow.png",""
"Haiti","http://www.missuniverse.com/members/profile/662829/year:2015","","","http://content.missuniverse.com/media/photos/galleries/sbs.photographer_uploaded_1_196_0_1449785617_2015.jpg","","http://content.missuniverse.com/media/photos/galleries/photographer_uploaded_1_196_0_1449785617_2015.jpg","Lisa Drouillard","","Lisa Drouillard","http://www.missuniverse.com/members/profile/662829/year:2015","Click to View Profile","","Click to View Profile","http://www.missuniverse.com/img/rightArrow.png",""
"Honduras","http://www.missuniverse.com/members/profile/662830/year:2015","","","http://content.missuniverse.com/media/photos/galleries/sbs.photographer_uploaded_1_38_0_1449785576_2015.jpg","","http://content.missuniverse.com/media/photos/galleries/photographer_uploaded_1_38_0_1449785576_2015.jpg","Iroshka Elvir","","Iroshka Elvir","http://www.missuniverse.com/members/profile/662830/year:2015","Click to View Profile","","Click to View Profile","http://www.missuniverse.com/img/rightArrow.png",""
"Hungary","http://www.missuniverse.com/members/profile/662831/year:2015","","","http://content.missuniverse.com/media/photos/galleries/sbs.photographer_uploaded_1_39_0_1449785593_2015.jpg","","http://content.missuniverse.com/media/photos/galleries/photographer_uploaded_1_39_0_1449785593_2015.jpg","Nikoletta Nagy","","Nikoletta Nagy","http://www.missuniverse.com/members/profile/662831/year:2015","Click to View Profile","","Click to View Profile","http://www.missuniverse.com/img/rightArrow.png",""
"India","http://www.missuniverse.com/members/profile/662832/year:2015","","","http://content.missuniverse.com/media/photos/galleries/sbs.photographer_uploaded_1_41_0_1449785584_2015.jpg","","http://content.missuniverse.com/media/photos/galleries/photographer_uploaded_1_41_0_1449785584_2015.jpg","Urvashi Rautela","","Urvashi Rautela","http://www.missuniverse.com/members/profile/662832/year:2015","Click to View Profile","","Click to View Profile","http://www.missuniverse.com/img/rightArrow.png",""
"Indonesia","http://www.missuniverse.com/members/profile/662833/year:2015","","","http://content.missuniverse.com/media/photos/galleries/sbs.photographer_uploaded_1_42_0_1449785522_2015.jpg","","http://content.missuniverse.com/media/photos/galleries/photographer_uploaded_1_42_0_1449785522_2015.jpg","Anindya Putri","","Anindya Putri","http://www.missuniverse.com/members/profile/662833/year:2015","Click to View Profile","","Click to View Profile","http://www.missuniverse.com/img/rightArrow.png",""
"Ireland","http://www.missuniverse.com/members/profile/662834/year:2015","","","http://content.missuniverse.com/media/photos/galleries/sbs.photographer_uploaded_1_43_0_1449785533_2015.jpg","","http://content.missuniverse.com/media/photos/galleries/photographer_uploaded_1_43_0_1449785533_2015.jpg","Joanna Cooper","","Joanna Cooper","http://www.missuniverse.com/members/profile/662834/year:2015","Click to View Profile","","Click to View Profile","http://www.missuniverse.com/img/rightArrow.png",""
"Israel","http://www.missuniverse.com/members/profile/662835/year:2015","","","http://content.missuniverse.com/media/photos/galleries/sbs.photographer_uploaded_1_44_0_1449785566_2015.jpg","","http://content.missuniverse.com/media/photos/galleries/photographer_uploaded_1_44_0_1449785566_2015.jpg","Avigail Alfatov","","Avigail Alfatov","http://www.missuniverse.com/members/profile/662835/year:2015","Click to View Profile","","Click to View Profile","http://www.missuniverse.com/img/rightArrow.png",""
"Italy","http://www.missuniverse.com/members/profile/662836/year:2015","","","http://content.missuniverse.com/media/photos/galleries/sbs.photographer_uploaded_1_45_0_1449785524_2015.jpg","","http://content.missuniverse.com/media/photos/galleries/photographer_uploaded_1_45_0_1449785524_2015.jpg","Giada Pezzaioli","","Giada Pezzaioli","http://www.missuniverse.com/members/profile/662836/year:2015","Click to View Profile","","Click to View Profile","http://www.missuniverse.com/img/rightArrow.png",""
"Jamaica","http://www.missuniverse.com/members/profile/662837/year:2015","","","http://content.missuniverse.com/media/photos/galleries/sbs.photographer_uploaded_1_46_0_1449785591_2015.jpg","","http://content.missuniverse.com/media/photos/galleries/photographer_uploaded_1_46_0_1449785591_2015.jpg","Sharlene Radlein","","Sharlene Radlein","http://www.missuniverse.com/members/profile/662837/year:2015","Click to View Profile","","Click to View Profile","http://www.missuniverse.com/img/rightArrow.png",""
"Japan","http://www.missuniverse.com/members/profile/662838/year:2015","","","http://content.missuniverse.com/media/photos/galleries/sbs.photographer_uploaded_1_47_0_1449785560_2015.jpg","","http://content.missuniverse.com/media/photos/galleries/photographer_uploaded_1_47_0_1449785560_2015.jpg","Ariana Miyamoto","","Ariana Miyamoto","http://www.missuniverse.com/members/profile/662838/year:2015","Click to View Profile","","Click to View Profile","http://www.missuniverse.com/img/rightArrow.png",""
"Korea","http://www.missuniverse.com/members/profile/662840/year:2015","","","http://content.missuniverse.com/media/photos/galleries/sbs.photographer_uploaded_1_49_0_1449785608_2015.jpg","","http://content.missuniverse.com/media/photos/galleries/photographer_uploaded_1_49_0_1449785608_2015.jpg","Seoyeon Kim","","Seoyeon Kim","http://www.missuniverse.com/members/profile/662840/year:2015","Click to View Profile","","Click to View Profile","http://www.missuniverse.com/img/rightArrow.png",""
"Kosovo","http://www.missuniverse.com/members/profile/662841/year:2015","","","http://content.missuniverse.com/media/photos/galleries/sbs.photographer_uploaded_1_50_0_1449785588_2015.jpg","","http://content.missuniverse.com/media/photos/galleries/photographer_uploaded_1_50_0_1449785588_2015.jpg","Mirjeta Shala","","Mirjeta Shala","http://www.missuniverse.com/members/profile/662841/year:2015","Click to View Profile","","Click to View Profile","http://www.missuniverse.com/img/rightArrow.png",""
"Lebanon","http://www.missuniverse.com/members/profile/662883/year:2015","","","http://content.missuniverse.com/media/photos/galleries/sbs.photographer_uploaded_1_51_0_1449785597_2015.jpg","","http://content.missuniverse.com/media/photos/galleries/photographer_uploaded_1_51_0_1449785597_2015.jpg","Cynthia Roger Samuel","","Cynthia Roger Samuel","http://www.missuniverse.com/members/profile/662883/year:2015","Click to View Profile","","Click to View Profile","http://www.missuniverse.com/img/rightArrow.png",""
"Malaysia","http://www.missuniverse.com/members/profile/662842/year:2015","","","http://content.missuniverse.com/media/photos/galleries/sbs.photographer_uploaded_1_52_0_1449785547_2015.jpg","","http://content.missuniverse.com/media/photos/galleries/photographer_uploaded_1_52_0_1449785547_2015.jpg","Vanessa Kumares","","Vanessa Kumares","http://www.missuniverse.com/members/profile/662842/year:2015","Click to View Profile","","Click to View Profile","http://www.missuniverse.com/img/rightArrow.png",""
"Mauritius","http://www.missuniverse.com/members/profile/662843/year:2015","","","http://content.missuniverse.com/media/photos/galleries/sbs.photographer_uploaded_1_53_0_1449785573_2015.jpg","","http://content.missuniverse.com/media/photos/galleries/photographer_uploaded_1_53_0_1449785573_2015.jpg","Sheetal Khadun","","Sheetal Khadun","http://www.missuniverse.com/members/profile/662843/year:2015","Click to View Profile","","Click to View Profile","http://www.missuniverse.com/img/rightArrow.png",""
"Mexico","http://www.missuniverse.com/members/profile/662844/year:2015","","","http://content.missuniverse.com/media/photos/galleries/sbs.photographer_uploaded_1_54_0_1449785542_2015.jpg","","http://content.missuniverse.com/media/photos/galleries/photographer_uploaded_1_54_0_1449785542_2015.jpg","Wendy Esparza","","Wendy Esparza","http://www.missuniverse.com/members/profile/662844/year:2015","Click to View Profile","","Click to View Profile","http://www.missuniverse.com/img/rightArrow.png",""
"Montenegro","http://www.missuniverse.com/members/profile/662845/year:2015","","","http://content.missuniverse.com/media/photos/galleries/sbs.photographer_uploaded_1_55_0_1449785563_2015.jpg","","http://content.missuniverse.com/media/photos/galleries/photographer_uploaded_1_55_0_1449785563_2015.jpg","Maja Čukić","","Maja Čukić","http://www.missuniverse.com/members/profile/662845/year:2015","Click to View Profile","","Click to View Profile","http://www.missuniverse.com/img/rightArrow.png",""
"Myanmar","http://www.missuniverse.com/members/profile/662846/year:2015","","","http://content.missuniverse.com/media/photos/galleries/sbs.photographer_uploaded_1_290_0_1449785517_2015.jpg","","http://content.missuniverse.com/media/photos/galleries/photographer_uploaded_1_290_0_1449785517_2015.jpg","May Thaw","","May Thaw","http://www.missuniverse.com/members/profile/662846/year:2015","Click to View Profile","","Click to View Profile","http://www.missuniverse.com/img/rightArrow.png",""
"Netherlands","http://www.missuniverse.com/members/profile/662847/year:2015","","","http://content.missuniverse.com/media/photos/galleries/sbs.photographer_uploaded_1_57_0_1449785541_2015.jpg","","http://content.missuniverse.com/media/photos/galleries/photographer_uploaded_1_57_0_1449785541_2015.jpg","Jessie Jazz Vuijk","","Jessie Jazz Vuijk","http://www.missuniverse.com/members/profile/662847/year:2015","Click to View Profile","","Click to View Profile","http://www.missuniverse.com/img/rightArrow.png",""
"New Zealand","http://www.missuniverse.com/members/profile/662848/year:2015","","","http://content.missuniverse.com/media/photos/galleries/sbs.photographer_uploaded_1_58_0_1449785562_2015.jpg","","http://content.missuniverse.com/media/photos/galleries/photographer_uploaded_1_58_0_1449785562_2015.jpg","Samantha McClung","","Samantha McClung","http://www.missuniverse.com/members/profile/662848/year:2015","Click to View Profile","","Click to View Profile","http://www.missuniverse.com/img/rightArrow.png",""
"Nicaragua","http://www.missuniverse.com/members/profile/662849/year:2015","","","http://content.missuniverse.com/media/photos/galleries/sbs.photographer_uploaded_1_59_0_1449785565_2015.jpg","","http://content.missuniverse.com/media/photos/galleries/photographer_uploaded_1_59_0_1449785565_2015.jpg","Daniela Torres","","Daniela Torres","http://www.missuniverse.com/members/profile/662849/year:2015","Click to View Profile","","Click to View Profile","http://www.missuniverse.com/img/rightArrow.png",""
"Nigeria","http://www.missuniverse.com/members/profile/662850/year:2015","","","http://content.missuniverse.com/media/photos/galleries/sbs.photographer_uploaded_1_60_0_1449785570_2015.jpg","","http://content.missuniverse.com/media/photos/galleries/photographer_uploaded_1_60_0_1449785570_2015.jpg","Debbie Collins","","Debbie Collins","http://www.missuniverse.com/members/profile/662850/year:2015","Click to View Profile","","Click to View Profile","http://www.missuniverse.com/img/rightArrow.png",""
"Norway","http://www.missuniverse.com/members/profile/662851/year:2015","","","http://content.missuniverse.com/media/photos/galleries/sbs.photographer_uploaded_1_61_0_1449785623_2015.jpg","","http://content.missuniverse.com/media/photos/galleries/photographer_uploaded_1_61_0_1449785623_2015.jpg","Martine Rødseth","","Martine Rødseth","http://www.missuniverse.com/members/profile/662851/year:2015","Click to View Profile","","Click to View Profile","http://www.missuniverse.com/img/rightArrow.png",""
"Panama","http://www.missuniverse.com/members/profile/662852/year:2015","","","http://content.missuniverse.com/media/photos/galleries/sbs.photographer_uploaded_1_62_0_1449785572_2015.jpg","","http://content.missuniverse.com/media/photos/galleries/photographer_uploaded_1_62_0_1449785572_2015.jpg","Gladys Brandao Amaya","","Gladys Brandao Amaya","http://www.missuniverse.com/members/profile/662852/year:2015","Click to View Profile","","Click to View Profile","http://www.missuniverse.com/img/rightArrow.png",""
"Paraguay","http://www.missuniverse.com/members/profile/662853/year:2015","","","http://content.missuniverse.com/media/photos/galleries/sbs.photographer_uploaded_1_63_0_1449785537_2015.jpg","","http://content.missuniverse.com/media/photos/galleries/photographer_uploaded_1_63_0_1449785537_2015.jpg","Myriam Arevalos","","Myriam Arevalos","http://www.missuniverse.com/members/profile/662853/year:2015","Click to View Profile","","Click to View Profile","http://www.missuniverse.com/img/rightArrow.png",""
"Peru","http://www.missuniverse.com/members/profile/662854/year:2015","","","http://content.missuniverse.com/media/photos/galleries/sbs.photographer_uploaded_1_64_0_1449785528_2015.jpg","","http://content.missuniverse.com/media/photos/galleries/photographer_uploaded_1_64_0_1449785528_2015.jpg","Laura Spoya","","Laura Spoya","http://www.missuniverse.com/members/profile/662854/year:2015","Click to View Profile","","Click to View Profile","http://www.missuniverse.com/img/rightArrow.png",""
"Philippines","http://www.missuniverse.com/members/profile/662855/year:2015","","","http://content.missuniverse.com/media/photos/galleries/sbs.photographer_uploaded_1_65_0_1449785618_2015.jpg","","http://content.missuniverse.com/media/photos/galleries/photographer_uploaded_1_65_0_1449785618_2015.jpg","Pia Alonzo Wurtzbach","","Pia Alonzo Wurtzbach","http://www.missuniverse.com/members/profile/662855/year:2015","Click to View Profile","","Click to View Profile","http://www.missuniverse.com/img/rightArrow.png",""
"Poland","http://www.missuniverse.com/members/profile/662856/year:2015","","","http://content.missuniverse.com/media/photos/galleries/sbs.photographer_uploaded_1_66_0_1449785557_2015.jpg","","http://content.missuniverse.com/media/photos/galleries/photographer_uploaded_1_66_0_1449785557_2015.jpg","Weronika Szmajdzińska","","Weronika Szmajdzińska","http://www.missuniverse.com/members/profile/662856/year:2015","Click to View Profile","","Click to View Profile","http://www.missuniverse.com/img/rightArrow.png",""
"Portugal","http://www.missuniverse.com/members/profile/662857/year:2015","","","http://content.missuniverse.com/media/photos/galleries/sbs.photographer_uploaded_1_198_0_1449785620_2015.jpg","","http://content.missuniverse.com/media/photos/galleries/photographer_uploaded_1_198_0_1449785620_2015.jpg","Emília Rosa Araújo","","Emília Rosa Araújo","http://www.missuniverse.com/members/profile/662857/year:2015","Click to View Profile","","Click to View Profile","http://www.missuniverse.com/img/rightArrow.png",""
"Puerto Rico","http://www.missuniverse.com/members/profile/662858/year:2015","","","http://content.missuniverse.com/media/photos/galleries/sbs.photographer_uploaded_1_67_0_1449785616_2015.jpg","","http://content.missuniverse.com/media/photos/galleries/photographer_uploaded_1_67_0_1449785616_2015.jpg","Catalina Morales","","Catalina Morales","http://www.missuniverse.com/members/profile/662858/year:2015","Click to View Profile","","Click to View Profile","http://www.missuniverse.com/img/rightArrow.png",""
"Russia","http://www.missuniverse.com/members/profile/662859/year:2015","","","http://content.missuniverse.com/media/photos/galleries/sbs.photographer_uploaded_1_68_0_1449785615_2015.jpg","","http://content.missuniverse.com/media/photos/galleries/photographer_uploaded_1_68_0_1449785615_2015.jpg","Vladislava Evtushenko","","Vladislava Evtushenko","http://www.missuniverse.com/members/profile/662859/year:2015","Click to View Profile","","Click to View Profile","http://www.missuniverse.com/img/rightArrow.png",""
"Serbia","http://www.missuniverse.com/members/profile/662860/year:2015","","","http://content.missuniverse.com/media/photos/galleries/sbs.photographer_uploaded_1_69_0_1449785527_2015.jpg","","http://content.missuniverse.com/media/photos/galleries/photographer_uploaded_1_69_0_1449785527_2015.jpg","Daša Radosavljević","","Daša Radosavljević","http://www.missuniverse.com/members/profile/662860/year:2015","Click to View Profile","","Click to View Profile","http://www.missuniverse.com/img/rightArrow.png",""
"Singapore","http://www.missuniverse.com/members/profile/662861/year:2015","","","http://content.missuniverse.com/media/photos/galleries/sbs.photographer_uploaded_1_70_0_1449785546_2015.jpg","","http://content.missuniverse.com/media/photos/galleries/photographer_uploaded_1_70_0_1449785546_2015.jpg","Lisa White","","Lisa White","http://www.missuniverse.com/members/profile/662861/year:2015","Click to View Profile","","Click to View Profile","http://www.missuniverse.com/img/rightArrow.png",""
"Slovak Republic","http://www.missuniverse.com/members/profile/662862/year:2015","","","http://content.missuniverse.com/media/photos/galleries/sbs.photographer_uploaded_1_71_0_1449785609_2015.jpg","","http://content.missuniverse.com/media/photos/galleries/photographer_uploaded_1_71_0_1449785609_2015.jpg","Denisa Vysnovska","","Denisa Vysnovska","http://www.missuniverse.com/members/profile/662862/year:2015","Click to View Profile","","Click to View Profile","http://www.missuniverse.com/img/rightArrow.png",""
"South Africa","http://www.missuniverse.com/members/profile/662864/year:2015","","","http://content.missuniverse.com/media/photos/galleries/sbs.photographer_uploaded_1_73_0_1449785614_2015.jpg","","http://content.missuniverse.com/media/photos/galleries/photographer_uploaded_1_73_0_1449785614_2015.jpg","Refilwe Mthimunye","","Refilwe Mthimunye","http://www.missuniverse.com/members/profile/662864/year:2015","Click to View Profile","","Click to View Profile","http://www.missuniverse.com/img/rightArrow.png",""
"Spain","http://www.missuniverse.com/members/profile/662865/year:2015","","","http://content.missuniverse.com/media/photos/galleries/sbs.photographer_uploaded_1_74_0_1449785539_2015.jpg","","http://content.missuniverse.com/media/photos/galleries/photographer_uploaded_1_74_0_1449785539_2015.jpg","Carla Barber Garcia","","Carla Barber Garcia","http://www.missuniverse.com/members/profile/662865/year:2015","Click to View Profile","","Click to View Profile","http://www.missuniverse.com/img/rightArrow.png",""
"Sweden","http://www.missuniverse.com/members/profile/662867/year:2015","","","http://content.missuniverse.com/media/photos/galleries/sbs.photographer_uploaded_1_195_0_1449785568_2015.jpg","","http://content.missuniverse.com/media/photos/galleries/photographer_uploaded_1_195_0_1449785568_2015.jpg","Paulina Brodd","","Paulina Brodd","http://www.missuniverse.com/members/profile/662867/year:2015","Click to View Profile","","Click to View Profile","http://www.missuniverse.com/img/rightArrow.png",""
"Tanzania","http://www.missuniverse.com/members/profile/662868/year:2015","","","http://content.missuniverse.com/media/photos/galleries/sbs.photographer_uploaded_1_79_0_1449785611_2015.jpg","","http://content.missuniverse.com/media/photos/galleries/photographer_uploaded_1_79_0_1449785611_2015.jpg","Lorraine Marriot","","Lorraine Marriot","http://www.missuniverse.com/members/profile/662868/year:2015","Click to View Profile","","Click to View Profile","http://www.missuniverse.com/img/rightArrow.png",""
"Thailand","http://www.missuniverse.com/members/profile/662869/year:2015","","","http://content.missuniverse.com/media/photos/galleries/sbs.photographer_uploaded_1_80_0_1449785586_2015.jpg","","http://content.missuniverse.com/media/photos/galleries/photographer_uploaded_1_80_0_1449785586_2015.jpg","Aniporn Chalermburanawong","","Aniporn Chalermburanawong","http://www.missuniverse.com/members/profile/662869/year:2015","Click to View Profile","","Click to View Profile","http://www.missuniverse.com/img/rightArrow.png",""
"Turkey","http://www.missuniverse.com/members/profile/662870/year:2015","","","http://content.missuniverse.com/media/photos/galleries/sbs.photographer_uploaded_1_82_0_1449785558_2015.jpg","","http://content.missuniverse.com/media/photos/galleries/photographer_uploaded_1_82_0_1449785558_2015.jpg","Melisa Uzun","","Melisa Uzun","http://www.missuniverse.com/members/profile/662870/year:2015","Click to View Profile","","Click to View Profile","http://www.missuniverse.com/img/rightArrow.png",""
"Ukraine","http://www.missuniverse.com/members/profile/662871/year:2015","","","http://content.missuniverse.com/media/photos/galleries/sbs.photographer_uploaded_1_84_0_1449785534_2015.jpg","","http://content.missuniverse.com/media/photos/galleries/photographer_uploaded_1_84_0_1449785534_2015.jpg","Anna Vergelskaya","","Anna Vergelskaya","http://www.missuniverse.com/members/profile/662871/year:2015","Click to View Profile","","Click to View Profile","http://www.missuniverse.com/img/rightArrow.png",""
"Uruguay","http://www.missuniverse.com/members/profile/662872/year:2015","","","http://content.missuniverse.com/media/photos/galleries/sbs.photographer_uploaded_1_85_0_1449785626_2015.jpg","","http://content.missuniverse.com/media/photos/galleries/photographer_uploaded_1_85_0_1449785626_2015.jpg","Bianca Sanchez","","Bianca Sanchez","http://www.missuniverse.com/members/profile/662872/year:2015","Click to View Profile","","Click to View Profile","http://www.missuniverse.com/img/rightArrow.png",""
"USA","http://www.missuniverse.com/members/profile/662873/year:2015","","","http://content.missuniverse.com/media/photos/galleries/sbs.photographer_uploaded_1_86_0_1449785552_2015.jpg","","http://content.missuniverse.com/media/photos/galleries/photographer_uploaded_1_86_0_1449785552_2015.jpg","Olivia Jordan","","Olivia Jordan","http://www.missuniverse.com/members/profile/662873/year:2015","Click to View Profile","","Click to View Profile","http://www.missuniverse.com/img/rightArrow.png",""
"Venezuela","http://www.missuniverse.com/members/profile/662874/year:2015","","","http://content.missuniverse.com/media/photos/galleries/sbs.photographer_uploaded_1_88_0_1449785574_2015.jpg","","http://content.missuniverse.com/media/photos/galleries/photographer_uploaded_1_88_0_1449785574_2015.jpg","Mariana Jimenez","","Mariana Jimenez","http://www.missuniverse.com/members/profile/662874/year:2015","Click to View Profile","","Click to View Profile","http://www.missuniverse.com/img/rightArrow.png",""
"Vietnam","http://www.missuniverse.com/members/profile/662875/year:2015","","","http://content.missuniverse.com/media/photos/galleries/sbs.photographer_uploaded_1_89_0_1449785610_2015.jpg","","http://content.missuniverse.com/media/photos/galleries/photographer_uploaded_1_89_0_1449785610_2015.jpg","Huong Pham","","Huong Pham","http://www.missuniverse.com/members/profile/662875/year:2015","Click to View Profile","","Click to View Profile","http://www.missuniverse.com/img/rightArrow.png",""